INSERT INTO STUDENT (ID, FIRST_NAME, LAST_NAME) VALUES(1, 'Annbjørg', 'Jaynie');
INSERT INTO STUDENT (ID, FIRST_NAME, LAST_NAME) VALUES(2, 'Janek', 'Kristaq');
INSERT INTO STUDENT (ID, FIRST_NAME, LAST_NAME) VALUES(3, 'Jüri', 'Nala');
INSERT INTO STUDENT (ID, FIRST_NAME, LAST_NAME) VALUES(4, 'Ottorino', 'Colobert');
INSERT INTO STUDENT (ID, FIRST_NAME, LAST_NAME) VALUES(5, 'Tel', 'Cleopatra');

INSERT INTO LAB (ID, DESCRIPTION, TITLE) VALUES(1, 'Self-help & how-to.', 'BRAINWASHING');
INSERT INTO LAB (ID, DESCRIPTION, TITLE) VALUES(2, 'Weightlifting, aerobics & stretching.', 'CATFLEXING');
INSERT INTO LAB (ID, DESCRIPTION, TITLE) VALUES(3, 'No takeaways!', 'COOKING TO KILL');
INSERT INTO LAB (ID, DESCRIPTION, TITLE) VALUES(4, 'Goldfish not included in the labs materials!', 'HOW TO TRAIN GOLDFISH USING DOLPHIN TRAINING TECHNIQUES');
INSERT INTO LAB (ID, DESCRIPTION, TITLE) VALUES(5, 'It''s hot', 'THE JOY OF WATER BOILING');

INSERT INTO ENROLMENTS (LAB_ID, STUDENT_ID) VALUES(1, 1);
INSERT INTO ENROLMENTS (LAB_ID, STUDENT_ID) VALUES(1, 2);
INSERT INTO ENROLMENTS (LAB_ID, STUDENT_ID) VALUES(1, 4);
INSERT INTO ENROLMENTS (LAB_ID, STUDENT_ID) VALUES(2, 1);
INSERT INTO ENROLMENTS (LAB_ID, STUDENT_ID) VALUES(2, 2);
INSERT INTO ENROLMENTS (LAB_ID, STUDENT_ID) VALUES(2, 3);
INSERT INTO ENROLMENTS (LAB_ID, STUDENT_ID) VALUES(2, 5);
INSERT INTO ENROLMENTS (LAB_ID, STUDENT_ID) VALUES(3, 3);
INSERT INTO ENROLMENTS (LAB_ID, STUDENT_ID) VALUES(4, 2);
INSERT INTO ENROLMENTS (LAB_ID, STUDENT_ID) VALUES(3, 4);
INSERT INTO ENROLMENTS (LAB_ID, STUDENT_ID) VALUES(5, 3);
INSERT INTO ENROLMENTS (LAB_ID, STUDENT_ID) VALUES(5, 5);













